title,lat,lon,url
"Õismäe tee 1, 3, 9 õuealal",59.412571908166,24.654622939587,https://www.manguvaljakud.tallinn.ee/object/view/1682
Õismäe tee 21 ja 23 vahel,59.411249089328,24.652008700069,https://www.manguvaljakud.tallinn.ee/object/view/1683
Õismäe tee 30-44 õuealal,59.41224383765,24.649609022229,https://www.manguvaljakud.tallinn.ee/object/view/1684
"Õismäe tee 43, 45 ja 47 juures",59.409608857724,24.647958618468,https://www.manguvaljakud.tallinn.ee/object/view/1685
Õismäe tee 49 ja 59 juures,59.409511797025,24.646117274505,https://www.manguvaljakud.tallinn.ee/object/view/1686
Paldiski mnt 183a,59.41550309846,24.637903851622,https://www.manguvaljakud.tallinn.ee/object/view/1687
Paldiski mnt 171 taga,59.417890433073,24.639314650306,https://www.manguvaljakud.tallinn.ee/object/view/1689
Õismäe tee 151 ja Paldiski mnt 155 vahel,59.420218003333,24.643235852634,https://www.manguvaljakud.tallinn.ee/object/view/1691
Paldiski mnt 149 juures,59.421556114661,24.646775588724,https://www.manguvaljakud.tallinn.ee/object/view/1693
Õismäe tee 6 ees,59.41460740597,24.652458862773,https://www.manguvaljakud.tallinn.ee/object/view/1695
Õismäe tee 10 juures,59.413293160127,24.651309128715,https://www.manguvaljakud.tallinn.ee/object/view/1696
Õismäe tee 52-66 õuealal,59.412141328322,24.644642535764,https://www.manguvaljakud.tallinn.ee/object/view/1698
Õismäe tee 72-86 õuealal,59.414415353812,24.641272508134,https://www.manguvaljakud.tallinn.ee/object/view/1699
Õismäe tee 98 ees,59.416859287631,24.641360445565,https://www.manguvaljakud.tallinn.ee/object/view/1701
Õismäe tee 33-43 õuealal,59.41033069391,24.649174391546,https://www.manguvaljakud.tallinn.ee/object/view/1702
Õismäe tee 65 ees,59.410223226805,24.643642270282,https://www.manguvaljakud.tallinn.ee/object/view/1705
"Õismäe tee 67, 69 ja 71 juures",59.410997040597,24.643473344583,https://www.manguvaljakud.tallinn.ee/object/view/1706
Õismäe tee 93 ja 95 ees,59.411327286617,24.63896195124,https://www.manguvaljakud.tallinn.ee/object/view/1708
Õismäe tee 111 ees,59.413421736404,24.637481630669,https://www.manguvaljakud.tallinn.ee/object/view/1710
Õismäe tee 114-128 õuealal,59.418614107828,24.644620517839,https://www.manguvaljakud.tallinn.ee/object/view/1722
Õismäe tee 148 ees,59.41660627932,24.651403274676,https://www.manguvaljakud.tallinn.ee/object/view/1724
Järveotsa tee 3-13 õuealal,59.408525672408,24.634283274303,https://www.manguvaljakud.tallinn.ee/object/view/1728
Järveotsa tee 17 ja 17a vahel,59.408329642676,24.636952307266,https://www.manguvaljakud.tallinn.ee/object/view/1729
Järveotsa tee 19-29 hoovialal,59.408206319779,24.638374861317,https://www.manguvaljakud.tallinn.ee/object/view/1731
Järveotsa tee 35 ja 35a vahel,59.408007195202,24.641295899525,https://www.manguvaljakud.tallinn.ee/object/view/1733
Järveotsa tee 37-47 õuealal,59.407884045661,24.642925619381,https://www.manguvaljakud.tallinn.ee/object/view/1734
Paldiski mnt 227c,59.407912352711,24.629314643224,https://www.manguvaljakud.tallinn.ee/object/view/1738
Pirni 2 juures,59.428688187495,24.698440892085,https://www.manguvaljakud.tallinn.ee/object/view/1739
Ehitajate tee 111 ja 113 juures,59.413688484389,24.657718642819,https://www.manguvaljakud.tallinn.ee/object/view/1741
"Ehitajate tee 117, 119, 121 juures",59.4163140524,24.654955051219,https://www.manguvaljakud.tallinn.ee/object/view/1744
"Ehitajate tee 123, 125, 127 juures",59.41721238926,24.653780646076,https://www.manguvaljakud.tallinn.ee/object/view/1745
Astangu 26 ees,59.403814434361,24.631120775946,https://www.manguvaljakud.tallinn.ee/object/view/1748
Astangu 42 ja 44 ees,59.403500921712,24.635367976437,https://www.manguvaljakud.tallinn.ee/object/view/1750
Astangu 58 ees,59.403291184061,24.637079244648,https://www.manguvaljakud.tallinn.ee/object/view/1751
Astangu 54 ja 60 vahel,59.404524985038,24.639991590017,https://www.manguvaljakud.tallinn.ee/object/view/1754
Astangu 66 ja 60 vahel,59.404476975565,24.640931217201,https://www.manguvaljakud.tallinn.ee/object/view/1755
Sumba 5 kõrval,59.440037580496,24.588239846874,https://www.manguvaljakud.tallinn.ee/object/view/1764
Västra 10 taga,59.438815901164,24.585513206471,https://www.manguvaljakud.tallinn.ee/object/view/1766
Müta 7 kõrval,59.439074020529,24.583845648146,https://www.manguvaljakud.tallinn.ee/object/view/1767
Asula 13,59.416433905338,24.735924565607,https://www.manguvaljakud.tallinn.ee/object/view/1768
Falgi park,59.433074841496,24.732720524467,https://www.manguvaljakud.tallinn.ee/object/view/1769
Hirvepark,59.434377373754,24.735525901572,https://www.manguvaljakud.tallinn.ee/object/view/1770
"Gonsiori 3a, 3b/5a hoovis",59.436342720042,24.759439090646,https://www.manguvaljakud.tallinn.ee/object/view/1772
Juurdeveo 13/ Kauba 15,59.414346752133,24.742467475919,https://www.manguvaljakud.tallinn.ee/object/view/1774
Vaikne park,59.422769736041,24.753252213802,https://www.manguvaljakud.tallinn.ee/object/view/1776
Koidu 112 (Koidu park),59.421902221866,24.737441178296,https://www.manguvaljakud.tallinn.ee/object/view/1777
Lastekodu 32,59.428386426669,24.771944187172,https://www.manguvaljakud.tallinn.ee/object/view/1779
Kanuti aed,59.439969385529,24.752053873541,https://www.manguvaljakud.tallinn.ee/object/view/1781
Lembitu park,59.431894379502,24.755369821376,https://www.manguvaljakud.tallinn.ee/object/view/1782
Politseiaed,59.434008034035,24.765981416533,https://www.manguvaljakud.tallinn.ee/object/view/1784
Suur-Ameerika 35a,59.427543075187,24.733509757672,https://www.manguvaljakud.tallinn.ee/object/view/1786
Tornide väljak,59.441542809542,24.743636975396,https://www.manguvaljakud.tallinn.ee/object/view/1787
Püssirohu 5,59.427327708878,24.766065848822,https://www.manguvaljakud.tallinn.ee/object/view/1788
Seebi 34,59.403467331781,24.725020426885,https://www.manguvaljakud.tallinn.ee/object/view/1789
Nõmme tee 52 (Räägu park),59.41451472392,24.716914194824,https://www.manguvaljakud.tallinn.ee/object/view/1790
Tondimõisa park plats 1,59.404123126071,24.709472858197,https://www.manguvaljakud.tallinn.ee/object/view/1792
Lille/ Maasika/ Vaarika vahel,59.429349132508,24.70998934763,https://www.manguvaljakud.tallinn.ee/object/view/1794
Tondi 46,59.408434778595,24.724227283523,https://www.manguvaljakud.tallinn.ee/object/view/1795
Mooni 30d,59.426177628651,24.710618813214,https://www.manguvaljakud.tallinn.ee/object/view/1796
Kirsi 8 juures,59.422142024083,24.702804238623,https://www.manguvaljakud.tallinn.ee/object/view/1799
Kuldnoka 12a,59.419876615549,24.700768952822,https://www.manguvaljakud.tallinn.ee/object/view/1800
Järve 25a,59.400378873893,24.719746815384,https://www.manguvaljakud.tallinn.ee/object/view/1801
Kotka 8a,59.42172377531,24.728212824468,https://www.manguvaljakud.tallinn.ee/object/view/1803
Tedre 77a,59.420448858525,24.705722134818,https://www.manguvaljakud.tallinn.ee/object/view/1805
Tedre 81a,59.420725770225,24.704035880239,https://www.manguvaljakud.tallinn.ee/object/view/1807
Anni 6-8 juures,59.438566025499,24.849828886861,https://www.manguvaljakud.tallinn.ee/object/view/1808
Arbu 13h,59.443837449595,24.844283064319,https://www.manguvaljakud.tallinn.ee/object/view/1809
M. Härma 1a,59.438058767904,24.836866384303,https://www.manguvaljakud.tallinn.ee/object/view/1814
Kalevipoja põik 2b,59.437354294218,24.829983841923,https://www.manguvaljakud.tallinn.ee/object/view/1816
Punane 43c,59.435468017516,24.835117168637,https://www.manguvaljakud.tallinn.ee/object/view/1817
Paasiku 3 peremänguväljak plats 1,59.449498694786,24.849139508532,https://www.manguvaljakud.tallinn.ee/object/view/1822
Kihnu 16 ja 18 ees,59.453437000538,24.863334498559,https://www.manguvaljakud.tallinn.ee/object/view/1825
Kivila 13 ja 15 juures,59.445494243789,24.872723242494,https://www.manguvaljakud.tallinn.ee/object/view/1829
Kivila 16 ja 18 juures ,59.444037822481,24.8699461552,https://www.manguvaljakud.tallinn.ee/object/view/1830
Kivila 34 juures,59.444985389532,24.875858150321,https://www.manguvaljakud.tallinn.ee/object/view/1833
Kivila 3h peremänguväljak plats 1,59.446089807178,24.866854283743,https://www.manguvaljakud.tallinn.ee/object/view/1837
Kivila 19h,59.448001125509,24.872257825593,https://www.manguvaljakud.tallinn.ee/object/view/1838
Kivimurru 45 juures,59.425708214207,24.794716311732,https://www.manguvaljakud.tallinn.ee/object/view/1840
Võru 4,59.441048733574,24.834383216521,https://www.manguvaljakud.tallinn.ee/object/view/1845
K. Kärberi 23-27 juures,59.447005271451,24.885843968748,https://www.manguvaljakud.tallinn.ee/object/view/1847
K. Kärberi 26-32,59.445332262549,24.885313729985,https://www.manguvaljakud.tallinn.ee/object/view/1848
K. Kärberi 33-37 juures,59.448090101488,24.891160335349,https://www.manguvaljakud.tallinn.ee/object/view/1849
K. Kärberi 60 õuealal,59.447161862882,24.893855362658,https://www.manguvaljakud.tallinn.ee/object/view/1854
Linnamäe tee 2 juures,59.448403795203,24.866168813256,https://www.manguvaljakud.tallinn.ee/object/view/1862
Linnamäe tee 37 taga,59.450801934075,24.871538699144,https://www.manguvaljakud.tallinn.ee/object/view/1864
Linnamäe tee 43 ja 45 juures,59.450543812894,24.877197649586,https://www.manguvaljakud.tallinn.ee/object/view/1865
Linnamäe tee 79 ja 81 juures,59.449955712956,24.883408458627,https://www.manguvaljakud.tallinn.ee/object/view/1868
Linnamäe tee 85a,59.449978391941,24.884789236218,https://www.manguvaljakud.tallinn.ee/object/view/1869
Loitsu 2 ees,59.441526613891,24.840756911771,https://www.manguvaljakud.tallinn.ee/object/view/1871
Loitsu 6 ees,59.442061516183,24.840071497424,https://www.manguvaljakud.tallinn.ee/object/view/1872
Loitsu 5 juures,59.442189351357,24.837984067672,https://www.manguvaljakud.tallinn.ee/object/view/1873
Läänemere tee 20 ja 22 vahel,59.452619760579,24.872046108439,https://www.manguvaljakud.tallinn.ee/object/view/1874
Läänemere tee 3 juures,59.451757506977,24.8628980243,https://www.manguvaljakud.tallinn.ee/object/view/1876
Läänemere tee 41a,59.453181851277,24.885012857421,https://www.manguvaljakud.tallinn.ee/object/view/1878
Läänemere tee 62a,59.452064767224,24.88534490798,https://www.manguvaljakud.tallinn.ee/object/view/1879
Mahtra 10 ja 16 juures,59.441185279801,24.871842020143,https://www.manguvaljakud.tallinn.ee/object/view/1882
Mahtra 22 ja 26 juures,59.439643200525,24.872948943693,https://www.manguvaljakud.tallinn.ee/object/view/1883
Mahtra 36-42,59.438686362061,24.875088735295,https://www.manguvaljakud.tallinn.ee/object/view/1886
Mahtra 54-58 hoovis,59.439618337803,24.878880798643,https://www.manguvaljakud.tallinn.ee/object/view/1887
Mahtra 68 ees ,59.440925895176,24.879340247066,https://www.manguvaljakud.tallinn.ee/object/view/1890
Sikupilli 6,59.426501829106,24.793559245854,https://www.manguvaljakud.tallinn.ee/object/view/1891
Sikupilli 14a,59.427865433037,24.794844167712,https://www.manguvaljakud.tallinn.ee/object/view/1892
Mustakivi ja Linnamäe tee vaheline haljasala,59.447939577081,24.863784758652,https://www.manguvaljakud.tallinn.ee/object/view/1897
Pae 58a,59.43477235286,24.816800974745,https://www.manguvaljakud.tallinn.ee/object/view/1902
Pae 64 ja 66 juures,59.434854799491,24.819382362763,https://www.manguvaljakud.tallinn.ee/object/view/1905
Paekaare 24 taga,59.438190618517,24.821021842735,https://www.manguvaljakud.tallinn.ee/object/view/1909
Paekaare 44,59.43680701709,24.826454073449,https://www.manguvaljakud.tallinn.ee/object/view/1912
Paekaare 58-60,59.435698446467,24.824928720763,https://www.manguvaljakud.tallinn.ee/object/view/1914
Paekaare 8 ja 12 vahel,59.436498313147,24.816089932632,https://www.manguvaljakud.tallinn.ee/object/view/1916
Pikri 3 juures,59.437010405629,24.841905317957,https://www.manguvaljakud.tallinn.ee/object/view/1923
Pinna 19 ja Kalevipoja 12 vaheline haljasala plats 1,59.438177305196,24.832027430348,https://www.manguvaljakud.tallinn.ee/object/view/1929
Punane 1 ja Pae 44 vaheline ala,59.432541845644,24.813069088785,https://www.manguvaljakud.tallinn.ee/object/view/1930
Punane 21 taga,59.434746812681,24.82160175495,https://www.manguvaljakud.tallinn.ee/object/view/1932
Punane 33 juures,59.434071524922,24.825458175663,https://www.manguvaljakud.tallinn.ee/object/view/1935
Punane 57,59.436821498184,24.845821936705,https://www.manguvaljakud.tallinn.ee/object/view/1936
Raadiku 1 ja 7 vahel,59.442428948531,24.879604454333,https://www.manguvaljakud.tallinn.ee/object/view/1940
Raadiku 25,59.443624212638,24.887981653412,https://www.manguvaljakud.tallinn.ee/object/view/1942
Ümera 52 ja Sinimäe 4 taga,59.444152224489,24.899515883196,https://www.manguvaljakud.tallinn.ee/object/view/1945
Vikerlase 20a,59.438508253277,24.843525601824,https://www.manguvaljakud.tallinn.ee/object/view/1951
Virbi 18-20,59.441415731609,24.845877311561,https://www.manguvaljakud.tallinn.ee/object/view/1954
Vormsi 5 peremänguväljak plats 1,59.454249804852,24.873268800743,https://www.manguvaljakud.tallinn.ee/object/view/1956
Võru 16 taga,59.44290847969,24.83291025864,https://www.manguvaljakud.tallinn.ee/object/view/1961
Ümera 21a,59.444006370874,24.895921038642,https://www.manguvaljakud.tallinn.ee/object/view/1965
Ümera 56a,59.445844948697,24.898960035929,https://www.manguvaljakud.tallinn.ee/object/view/1969
Akadeemia tee 2a,59.397693043825,24.671132110766,https://www.manguvaljakud.tallinn.ee/object/view/1972
Akadeemia tee 54a,59.40080419434,24.660821870314,https://www.manguvaljakud.tallinn.ee/object/view/1976
Akadeemia tee 62 juures,59.402739690309,24.658688350436,https://www.manguvaljakud.tallinn.ee/object/view/1978
Akadeemia tee 66 juures,59.404010034967,24.660435216435,https://www.manguvaljakud.tallinn.ee/object/view/1981
Ehitajate tee 49 ja 51 ,59.403161271653,24.668081142507,https://www.manguvaljakud.tallinn.ee/object/view/1985
Ehitajate tee 70 ja 74 juures,59.406897960367,24.670409143485,https://www.manguvaljakud.tallinn.ee/object/view/1989
Kadaka tee 165 ees,59.406142768622,24.660692639812,https://www.manguvaljakud.tallinn.ee/object/view/2020
Kadaka tee 169 juures,59.404746399047,24.658924078881,https://www.manguvaljakud.tallinn.ee/object/view/2024
Mustamäe tee 118a,59.40337041269,24.678034266439,https://www.manguvaljakud.tallinn.ee/object/view/2033
Mustamäe tee 151a,59.410347151834,24.689235137913,https://www.manguvaljakud.tallinn.ee/object/view/2034
A. H. Tammsaare tee 139a,59.407605079165,24.676099826827,https://www.manguvaljakud.tallinn.ee/object/view/2037
Ankru 1 vastas,59.455602621811,24.677357566132,https://www.manguvaljakud.tallinn.ee/object/view/2038
Vana-Kalamaja 15,59.444956601756,24.738101846233,https://www.manguvaljakud.tallinn.ee/object/view/2039
Rukki 8,59.445768512952,24.711901676667,https://www.manguvaljakud.tallinn.ee/object/view/2040
Rukki 20a,59.445045866687,24.708605585216,https://www.manguvaljakud.tallinn.ee/object/view/2041
Heina 1,59.438131565328,24.724081353555,https://www.manguvaljakud.tallinn.ee/object/view/2044
Stroomi rannaala (plats Kolde pst 104 vastas),59.442871700854,24.686143522024,https://www.manguvaljakud.tallinn.ee/object/view/2045
Stroomi rannaala (plats rongiga),59.441445552386,24.685268329379,https://www.manguvaljakud.tallinn.ee/object/view/2046
Stroomi rannaala (plats püstpalk piirdega),59.441159654138,24.684316999615,https://www.manguvaljakud.tallinn.ee/object/view/2047
Stroomi rannaala (fitnesselemendid),59.443530148154,24.68514001886,https://www.manguvaljakud.tallinn.ee/object/view/2048
Stroomi rannaala (plats võrkronilaga),59.440875442547,24.683838511721,https://www.manguvaljakud.tallinn.ee/object/view/2049
Stroomi rannaala (plats linnupesakiigega),59.440854229111,24.684963186263,https://www.manguvaljakud.tallinn.ee/object/view/2050
Stroomi rannaala (plats vana metallronilaga),59.439887708616,24.683511809411,https://www.manguvaljakud.tallinn.ee/object/view/2051
Karjamaa 5,59.452823635579,24.710807352112,https://www.manguvaljakud.tallinn.ee/object/view/2052
Erika 5b,59.450207600803,24.713765565603,https://www.manguvaljakud.tallinn.ee/object/view/2053
Kolde pst 76a,59.441184846674,24.703019170241,https://www.manguvaljakud.tallinn.ee/object/view/2054
Vihuri 5a,59.444674575309,24.69566995794,https://www.manguvaljakud.tallinn.ee/object/view/2056
Randla 18 ja Madala 24 vahelisel alal,59.449003357019,24.688504570943,https://www.manguvaljakud.tallinn.ee/object/view/2057
Kopli kalmistupargis Pelguranna tn 13 vastas,59.452908893349,24.686096963964,https://www.manguvaljakud.tallinn.ee/object/view/2058
Laevastiku tn 1c,59.459296713236,24.698587003908,https://www.manguvaljakud.tallinn.ee/object/view/2059
Retke tee 26 ja 28 juures,59.400762510266,24.703579233811,https://www.manguvaljakud.tallinn.ee/object/view/2060
Retke tee 30 taga,59.399251414111,24.705024925959,https://www.manguvaljakud.tallinn.ee/object/view/2061
Retke tee 8 ja 10 ees,59.402185012971,24.704891756751,https://www.manguvaljakud.tallinn.ee/object/view/2062
J. Sütiste tee 22a,59.397245981252,24.693134482156,https://www.manguvaljakud.tallinn.ee/object/view/2063
Sõpruse pst 233a,59.398395815526,24.688590851514,https://www.manguvaljakud.tallinn.ee/object/view/2064
Ristiku 16,59.437322095889,24.718641936595,https://www.manguvaljakud.tallinn.ee/object/view/2065
Lõime 19a,59.450695898175,24.690191948409,https://www.manguvaljakud.tallinn.ee/object/view/2066
Lõime 20a,59.45115246378,24.689028168468,https://www.manguvaljakud.tallinn.ee/object/view/2067
Sõle 41a,59.442320787593,24.703240020961,https://www.manguvaljakud.tallinn.ee/object/view/2068
Ketraja 3a,59.449499394246,24.693562493579,https://www.manguvaljakud.tallinn.ee/object/view/2069
Tammetõru tn 2,59.456521407705,24.854066623418,https://www.manguvaljakud.tallinn.ee/object/view/2072
Väina tee 29a,59.494393187407,24.839144280476,https://www.manguvaljakud.tallinn.ee/object/view/2073
Aianduse tee 70a ,59.491099795183,24.869624867984,https://www.manguvaljakud.tallinn.ee/object/view/2074
Lehise tn 4a ,59.457527662077,24.831531054311,https://www.manguvaljakud.tallinn.ee/object/view/2076
Merivälja tee 3 juures,59.467724109517,24.832715032464,https://www.manguvaljakud.tallinn.ee/object/view/2078
Pärnu mnt 145 (Rulli 4 vastas),59.392521333953,24.724909539446,https://www.manguvaljakud.tallinn.ee/object/view/2079
Kastani 33a/Rohula 30a,59.368480573466,24.623760582014,https://www.manguvaljakud.tallinn.ee/object/view/2080
Tirdi tn 12,59.361100809087,24.633538133173,https://www.manguvaljakud.tallinn.ee/object/view/2081
Mahla 56,59.376912094169,24.719524857469,https://www.manguvaljakud.tallinn.ee/object/view/2082
M. Metsanurga 43 vastas,59.371996805888,24.692356797696,https://www.manguvaljakud.tallinn.ee/object/view/2083
Möldre tee 33,59.358260914938,24.612171204524,https://www.manguvaljakud.tallinn.ee/object/view/2085
Tammepärja 2a,59.382039848753,24.635637011526,https://www.manguvaljakud.tallinn.ee/object/view/2086
Liipri 27 vastas,59.366664867443,24.63648142295,https://www.manguvaljakud.tallinn.ee/object/view/2087
Harku 62,59.384989049139,24.660684676428,https://www.manguvaljakud.tallinn.ee/object/view/2089
Ilmarise 42/Olevi 57 juures,59.367370508654,24.667199119791,https://www.manguvaljakud.tallinn.ee/object/view/2090
P. Kerese 18 vastas,59.379882269654,24.705468653108,https://www.manguvaljakud.tallinn.ee/object/view/2091
Valdeku 122 juures,59.375084401265,24.715964967683,https://www.manguvaljakud.tallinn.ee/object/view/2092
Valdeku 164 kõrval,59.376146728908,24.744675358179,https://www.manguvaljakud.tallinn.ee/object/view/2093
Tammede pst 2a,59.353948328782,24.626780436009,https://www.manguvaljakud.tallinn.ee/object/view/2094
Torni 13 vastas,59.387645092339,24.658237980119,https://www.manguvaljakud.tallinn.ee/object/view/2095
Piiri tn 11 vastas,59.390414509398,24.693103049921,https://www.manguvaljakud.tallinn.ee/object/view/2096
Ränduri tn 4,59.369197649774,24.642247453829,https://www.manguvaljakud.tallinn.ee/object/view/2097
Pihlaka 14 ees,59.375048241505,24.71077394072,https://www.manguvaljakud.tallinn.ee/object/view/2098
Kagu 10 vastas,59.381200740888,24.711343871489,https://www.manguvaljakud.tallinn.ee/object/view/2099
Õie 40 juures ja 31 vastas (Õie puiestik),59.38267900906,24.698867411981,https://www.manguvaljakud.tallinn.ee/object/view/2100
J.V. Jannseni 22/Põllu 110 vastas,59.373632472253,24.656551086116,https://www.manguvaljakud.tallinn.ee/object/view/2101
Päikese pst 61a kõrval,59.37356129966,24.631130623524,https://www.manguvaljakud.tallinn.ee/object/view/2102
Tammiku 1 vastas,59.379955853991,24.642639528971,https://www.manguvaljakud.tallinn.ee/object/view/2103
Sihi 98/Nõmme-Kase 12b vastas (Vabaduse parkmets),59.379638299777,24.682557750963,https://www.manguvaljakud.tallinn.ee/object/view/2104
Risti 2c kõrval (Tallinna tn 22),59.391595606506,24.71353998067,https://www.manguvaljakud.tallinn.ee/object/view/2105
Näituse tn 8,59.387614681597,24.707580724575,https://www.manguvaljakud.tallinn.ee/object/view/2106
Tihniku 6 vastas,59.38607519148,24.639397520151,https://www.manguvaljakud.tallinn.ee/object/view/2107
Turu plats 5/7 kõrval parkmetsas,59.388929530187,24.681803640465,https://www.manguvaljakud.tallinn.ee/object/view/2108
Vabaduse pst 96 (Hiiu ja Sihi ristmik),59.376843248404,24.678278102924,https://www.manguvaljakud.tallinn.ee/object/view/2109
Nurme 64 vastas ja Kreegi vahelises puiestikus (Valdeku parkmets),59.374223192979,24.699305874196,https://www.manguvaljakud.tallinn.ee/object/view/2110
J. Sütiste tee 33 ja 35 vahel,59.396651384468,24.680476623294,https://www.manguvaljakud.tallinn.ee/object/view/2114
J. Sütiste tee 9 ja 11 ees,59.39963255077,24.698263730512,https://www.manguvaljakud.tallinn.ee/object/view/2129
A. H. Tammsaare tee 68 // Sõpruse pst 177,59.405568489554,24.704772098747,https://www.manguvaljakud.tallinn.ee/object/view/2133
"Sõpruse pst 198, 196 ja 200 õuealal",59.407489239917,24.701306051457,https://www.manguvaljakud.tallinn.ee/object/view/2134
Sõpruse 219 ja 221 juures,59.399016222902,24.690847265842,https://www.manguvaljakud.tallinn.ee/object/view/2139
Sõpruse pst 208a,59.403878082111,24.696549663613,https://www.manguvaljakud.tallinn.ee/object/view/2143
A. H. Tammsaare tee 85 ees,59.406542692543,24.693312914819,https://www.manguvaljakud.tallinn.ee/object/view/2158
Mustamäe tee 181 ja 185 juures,59.403487842243,24.682608807829,https://www.manguvaljakud.tallinn.ee/object/view/2168
Mustamäe tee 137 juures,59.412714699415,24.691458478396,https://www.manguvaljakud.tallinn.ee/object/view/2172
Mustamäe tee 169a,59.406202749729,24.684555942502,https://www.manguvaljakud.tallinn.ee/object/view/2177
Mustamäe tee 199a,59.401209345492,24.680444212008,https://www.manguvaljakud.tallinn.ee/object/view/2182
Männipark plats 1,59.400282531906,24.676551065766,https://www.manguvaljakud.tallinn.ee/object/view/2185
Lepistiku park,59.400361532951,24.700576641685,https://www.manguvaljakud.tallinn.ee/object/view/2186
Löwenruh peremänguväljak plats 1,59.417367875442,24.696499748188,https://www.manguvaljakud.tallinn.ee/object/view/2189
Õismäe tee kogupereväljak plats 2,59.416915149079,24.649649178364,https://www.manguvaljakud.tallinn.ee/object/view/2190
Stroomi rannaala (plats laevaga),59.440376059358,24.683594723232,https://www.manguvaljakud.tallinn.ee/object/view/2191
Pähkli tn 2,59.457134920542,24.837447240402,https://www.manguvaljakud.tallinn.ee/object/view/2192
Kesktee 65,59.491951752698,24.852338625857,https://www.manguvaljakud.tallinn.ee/object/view/2193
Puhkekodu tee 55b ,59.459462065395,24.874764556234,https://www.manguvaljakud.tallinn.ee/object/view/2194
Lükati tee 2a juures,59.458997742823,24.852439055008,https://www.manguvaljakud.tallinn.ee/object/view/2195
Endla 51 ja Koskla 5 sisehoovis,59.427170186285,24.717301389688,https://www.manguvaljakud.tallinn.ee/object/view/2196
Tedre 29 ja 31 juures,59.41683953022,24.723923680182,https://www.manguvaljakud.tallinn.ee/object/view/2197
Kotka 14a/Tedre 2b,59.416121542575,24.730928477477,https://www.manguvaljakud.tallinn.ee/object/view/2198
Seebi 36b,59.403037559171,24.723023628183,https://www.manguvaljakud.tallinn.ee/object/view/2199
Koorti peremänguväljak plats 1 ,59.44265287184,24.826521944653,https://www.manguvaljakud.tallinn.ee/object/view/2200
Kungla tn 63 (Kalamaja kalmistupark),59.449405538104,24.73239516554,https://www.manguvaljakud.tallinn.ee/object/view/2201
Astangu 68 taga haljasalal,59.40361305201,24.641420672519,https://www.manguvaljakud.tallinn.ee/object/view/2202
Lastekodu 3/ 5 hoovialal,59.43184138247,24.764619968192,https://www.manguvaljakud.tallinn.ee/object/view/2203
Narva mnt 14 ja 16 taga hoovialal,59.437164335716,24.765791040476,https://www.manguvaljakud.tallinn.ee/object/view/2204
Puhangu 53a,59.443566907669,24.693894879911,https://www.manguvaljakud.tallinn.ee/object/view/2205
Juhkentali 10,59.427372183834,24.759936258695,https://www.manguvaljakud.tallinn.ee/object/view/2206
Narva mnt 6/ Maneeži 1,59.43673395973,24.761747973016,https://www.manguvaljakud.tallinn.ee/object/view/2207
"Energia 2, 4 ja 6 kõrval",59.39555577884,24.710885148613,https://www.manguvaljakud.tallinn.ee/object/view/2208
Sõstra tn 1a,59.424146464808,24.703652594328,https://www.manguvaljakud.tallinn.ee/object/view/2209
E. Vilde tee 54,59.40432857479,24.694146980197,https://www.manguvaljakud.tallinn.ee/object/view/2210
Külmallika 15a,59.389616167675,24.653859526105,https://www.manguvaljakud.tallinn.ee/object/view/2212
Alliksoo 8a vastas,59.389422691442,24.665105339984,https://www.manguvaljakud.tallinn.ee/object/view/2213
Mai 1,59.385680842893,24.687415904736,https://www.manguvaljakud.tallinn.ee/object/view/2214
Vabaduse pst 4-8 kõrval (Ilo park),59.388100646795,24.717347279857,https://www.manguvaljakud.tallinn.ee/object/view/2215
Ankru 13 vastas,59.454164802389,24.674757474544,https://www.manguvaljakud.tallinn.ee/object/view/2216
Randla 23a/Vihuri 8a,59.444721269978,24.693249596249,https://www.manguvaljakud.tallinn.ee/object/view/2217
Pikakari supelrand,59.473191676902,24.724194922185,https://www.manguvaljakud.tallinn.ee/object/view/2218
Asunduse 7h,59.431863145279,24.791125606002,https://www.manguvaljakud.tallinn.ee/object/view/2219
Kakumäe rand plats 1,59.44880056895,24.575454398276,https://www.manguvaljakud.tallinn.ee/object/view/2222
J.Poska 15/ Vesivärava 23/ Wiedemanni,59.435697251784,24.779445442189,https://www.manguvaljakud.tallinn.ee/object/view/2223
Tulika 64b,59.424012592264,24.724633732541,https://www.manguvaljakud.tallinn.ee/object/view/2226
Karjamaa park plats 1,59.452859371308,24.708716083852998,https://www.manguvaljakud.tallinn.ee/object/view/2228
Ümera 22a,59.441722314933,24.890488432541,https://www.manguvaljakud.tallinn.ee/object/view/2229
Paepargi peremänguväljak plats 1,59.43317297571,24.806107368323,https://www.manguvaljakud.tallinn.ee/object/view/2231
Männipark plats 5,59.399139723508,24.678132980118,https://www.manguvaljakud.tallinn.ee/object/view/2232
Männipark plats 3,59.399893410482,24.677156656036,https://www.manguvaljakud.tallinn.ee/object/view/2233
Männipark plats 4,59.399568453299,24.677607267151,https://www.manguvaljakud.tallinn.ee/object/view/2234
Männipark plats 6,59.399407338918,24.674356429825,https://www.manguvaljakud.tallinn.ee/object/view/2235
Sipelga 6a,59.406722697932,24.699425092868,https://www.manguvaljakud.tallinn.ee/object/view/2236
Tanuma 91b,59.432708179199,24.622343001852,https://www.manguvaljakud.tallinn.ee/object/view/2237
Skoone bastioni parkuuriväljak,59.442846310853,24.746076488916,https://www.manguvaljakud.tallinn.ee/object/view/2238
Tamme 29 juures,59.453809578447,24.823267228305,https://www.manguvaljakud.tallinn.ee/object/view/2239
Mirta 16,59.442642737927,24.602287184656,https://www.manguvaljakud.tallinn.ee/object/view/2240
Mirta 35a,59.442282846098,24.605305988361,https://www.manguvaljakud.tallinn.ee/object/view/2241
Tuvi park,59.429137809424,24.739206797778,https://www.manguvaljakud.tallinn.ee/object/view/2242
Vabaduse pst 205,59.362735149651,24.631683105557,https://www.manguvaljakud.tallinn.ee/object/view/2244
Õismäe tee kogupereväljak plats 1,59.417151142749,24.64976033373,https://www.manguvaljakud.tallinn.ee/object/view/2246
Löwenruh peremänguväljak plats 2,59.41755883699,24.697014458089,https://www.manguvaljakud.tallinn.ee/object/view/2249
Löwenruh peremänguväljak plats 3,59.417520626828,24.697448975949,https://www.manguvaljakud.tallinn.ee/object/view/2250
Türnpu 17 vastas,59.430742532989,24.778692772491,https://www.manguvaljakud.tallinn.ee/object/view/2251
Uue-Maailma 2 ja Virmalise 5a vahel,59.425253296474,24.740820144181,https://www.manguvaljakud.tallinn.ee/object/view/2252
Tondimõisa park plats 2,59.403851758692,24.709654616672,https://www.manguvaljakud.tallinn.ee/object/view/2253
Tondimõisa park plats 3,59.40331659596,24.710030125934,https://www.manguvaljakud.tallinn.ee/object/view/2254
Karjamaa park plats 2,59.452859093247,24.70983025159,https://www.manguvaljakud.tallinn.ee/object/view/2255
Kivila 3h peremänguväljak plats 2,59.446358626616,24.867001295245,https://www.manguvaljakud.tallinn.ee/object/view/2256
Kivila 3h peremänguväljak plats 3,59.44645679754,24.867902517474,https://www.manguvaljakud.tallinn.ee/object/view/2258
Koorti peremänguväljak plats 2,59.442503645163,24.826792259524,https://www.manguvaljakud.tallinn.ee/object/view/2259
Koorti peremänguväljak plats 3,59.44238637171,24.826416750262,https://www.manguvaljakud.tallinn.ee/object/view/2260
Pinna 19 ja Kalevipoja 12 vaheline haljasala plats 2,59.438254783254,24.832527275671,https://www.manguvaljakud.tallinn.ee/object/view/2261
Paepargi peremänguväljak plats 2,59.433198059518,24.805779677524,https://www.manguvaljakud.tallinn.ee/object/view/2263
Vormsi 5 peremänguväljak plats 2,59.454162357077,24.873942035413,https://www.manguvaljakud.tallinn.ee/object/view/2264
Vormsi 5 peremänguväljak plats 3,59.453769761137,24.87462868092,https://www.manguvaljakud.tallinn.ee/object/view/2265
Kakumäe rand plats 2,59.44913877771,24.575814658692,https://www.manguvaljakud.tallinn.ee/object/view/2266
Männipark plats 2,59.40027147086,24.677266945508,https://www.manguvaljakud.tallinn.ee/object/view/2267
Paasiku 3 peremänguväljak plats 2,59.449256277095,24.84917110105,https://www.manguvaljakud.tallinn.ee/object/view/2270
Paasiku 3 peremänguväljak plats 3,59.449365346537,24.849857746558,https://www.manguvaljakud.tallinn.ee/object/view/2271
Mirta 43,59.441715798888,24.608552586647,https://www.manguvaljakud.tallinn.ee/object/view/2272
Möldre tee 15 juures,59.36106096557,24.614163269906,https://www.manguvaljakud.tallinn.ee/object/view/2273
Tondiloo haljasala plats treeningelementidega,59.448443488669,24.881275806885,https://www.manguvaljakud.tallinn.ee/object/view/2277
Tondiloo haljasala plats 1-4 aastastele,59.44712368882,24.882509623032,https://www.manguvaljakud.tallinn.ee/object/view/2278
Tondiloo haljasala plats 4-12 aastastele,59.448056280003,24.882906589966,https://www.manguvaljakud.tallinn.ee/object/view/2279
Tondiloo haljasala plats 12-16 aastastele,59.447985382161,24.880492601852,https://www.manguvaljakud.tallinn.ee/object/view/2280
